{
    "Layer_1": {
        "Node_4": {
            "bias": -0.0336570180952549, 
            "weights": [
                -0.25190839171409607, 
                0.44654545187950134, 
                0.322176456451416, 
                -0.6012407541275024, 
                0.14499688148498535, 
                0.1294156163930893, 
                0.3654390275478363, 
                0.1801050752401352, 
                -0.1533399224281311, 
                0.5567002892494202
            ]
        }, 
        "Node_3": {
            "bias": 0.2437465637922287, 
            "weights": [
                0.23461782932281494, 
                0.3563586175441742, 
                -0.030872397124767303, 
                -0.035462647676467896, 
                -0.5774946808815002, 
                0.11274496465921402, 
                0.2220325767993927, 
                -0.2858388423919678, 
                0.42768657207489014, 
                0.11198174953460693
            ]
        }, 
        "Node_2": {
            "bias": -1.1246540546417236, 
            "weights": [
                0.13754861056804657, 
                0.39908653497695923, 
                -0.0332658588886261, 
                0.18169578909873962, 
                0.6275779604911804, 
                0.08839792013168335, 
                0.019509227946400642, 
                0.11963958293199539, 
                0.2980462312698364, 
                -0.5138998031616211
            ]
        }, 
        "Node_1": {
            "bias": 1.199155330657959, 
            "weights": [
                0.21304009854793549, 
                -0.22579967975616455, 
                0.48229435086250305, 
                -0.0185500830411911, 
                -0.40934911370277405, 
                0.28899842500686646, 
                0.22931598126888275, 
                -0.29501599073410034, 
                -0.12402962148189545, 
                0.44228237867355347
            ]
        }, 
        "Node_0": {
            "bias": 0.07021588087081909, 
            "weights": [
                0.14765000343322754, 
                -0.17654724419116974, 
                0.6151137948036194, 
                0.17229722440242767, 
                -0.39337465167045593, 
                -0.40263688564300537, 
                -0.021037627011537552, 
                0.14133180677890778, 
                0.13888110220432281, 
                0.26245391368865967
            ]
        }
    }, 
    "Layer_0": {
        "Node_9": {
            "bias": 1.0665769577026367, 
            "weights": [
                -0.12644964456558228, 
                0.5840699672698975, 
                0.9073092341423035, 
                0.1603262573480606, 
                0.6174794435501099, 
                -0.16939257085323334, 
                0.10413242876529694, 
                0.023370087146759033, 
                0.2493877410888672, 
                0.9561107158660889, 
                -0.01346949115395546, 
                -0.11638421565294266, 
                -0.018548589199781418, 
                0.04745429754257202
            ]
        }, 
        "Node_8": {
            "bias": -0.2017398476600647, 
            "weights": [
                0.04197283089160919, 
                -0.03801284730434418, 
                -0.29584017395973206, 
                -0.36324095726013184, 
                -0.563749372959137, 
                -0.48993703722953796, 
                -0.05132679641246796, 
                -0.07361193746328354, 
                -0.3549056947231293, 
                -0.5416309237480164, 
                -0.08605848997831345, 
                -0.14450593292713165, 
                0.08977427333593369, 
                0.06465175002813339
            ]
        }, 
        "Node_7": {
            "bias": -0.18239328265190125, 
            "weights": [
                -0.3207337558269501, 
                -0.5566637516021729, 
                -0.2138204574584961, 
                -0.21263928711414337, 
                -0.46593984961509705, 
                -0.40473708510398865, 
                -0.4055691957473755, 
                -0.2448226809501648, 
                -0.6068599224090576, 
                -0.557385265827179, 
                0.0347839817404747, 
                0.1359664499759674, 
                0.2024490237236023, 
                0.1268254518508911
            ]
        }, 
        "Node_6": {
            "bias": -1.203218936920166, 
            "weights": [
                0.2146739512681961, 
                0.30397850275039673, 
                -0.47518104314804077, 
                -0.065970778465271, 
                0.017975620925426483, 
                0.0562400259077549, 
                0.4189234673976898, 
                0.11938666552305222, 
                0.13486267626285553, 
                -0.5234763026237488, 
                -0.023597413673996925, 
                0.024753695353865623, 
                -0.3645547032356262, 
                -0.03562992066144943
            ]
        }, 
        "Node_5": {
            "bias": 0.0, 
            "weights": [
                -0.46566808223724365, 
                0.11204946041107178, 
                0.2715505361557007, 
                -0.10508537292480469, 
                -0.0025566816329956055, 
                -0.49600040912628174, 
                0.4702490568161011, 
                -0.05610299110412598, 
                -0.09685063362121582, 
                0.07999527454376221, 
                -0.40359556674957275, 
                -0.19040560722351074, 
                0.2510443925857544, 
                -0.3144010305404663
            ]
        }, 
        "Node_4": {
            "bias": -0.0836857482790947, 
            "weights": [
                0.04235547035932541, 
                0.19587697088718414, 
                0.3385479748249054, 
                -0.5630016922950745, 
                -0.03739997744560242, 
                -0.46863919496536255, 
                -0.18609094619750977, 
                0.3166910707950592, 
                -0.4969223141670227, 
                0.3897102475166321, 
                -0.4084101617336273, 
                -0.2565353214740753, 
                0.2928439676761627, 
                0.0455145537853241
            ]
        }, 
        "Node_3": {
            "bias": 1.0322811603546143, 
            "weights": [
                -0.12697920203208923, 
                0.8357958197593689, 
                -0.04176142439246178, 
                -0.08687027543783188, 
                0.2708709239959717, 
                0.12012068182229996, 
                0.3919137418270111, 
                0.015361265279352665, 
                0.032366130501031876, 
                1.0246500968933105, 
                0.0026773312129080296, 
                0.03517399728298187, 
                0.8160432577133179, 
                -0.010984305292367935
            ]
        }, 
        "Node_2": {
            "bias": 0.04632636532187462, 
            "weights": [
                0.3343415856361389, 
                0.46831148862838745, 
                0.3225654363632202, 
                -0.3281615078449249, 
                0.0750485360622406, 
                0.2218904048204422, 
                -0.3671698272228241, 
                -0.2842445969581604, 
                0.001172032323665917, 
                0.372282475233078, 
                -0.1931544989347458, 
                0.2108323872089386, 
                -0.055190254002809525, 
                -0.30632978677749634
            ]
        }, 
        "Node_1": {
            "bias": -0.13973873853683472,